model,time,value
surveyunbias,--,0.800
coinbias,--,0.416667
radarquery,--,6.333

0.6104513064133188
0.10688836104514525
0.5011876484560704
0.019002375296931117